Workbook

Sheet overview
A1: Weekly Betting Handle Forecast - Moving Average vs Exponential Smoothing vs Holt's Trend Method
A3: PURPOSE
A4: Forecast weekly sportsbook betting handle and compare three models on a 4-week holdout: a 4-week simple moving
A5: average (MA), simple exponential smoothing (ES), and Holt's linear trend method. Data: 64 complete weeks of
A6: synthetic sportsbook activity (2025-01-05 to 2026-03-22), aggregated from ~89K bets in SQL Server.
A8: HOW TO USE
A9: 1. Dashboard sheet: yellow cells B4 (alpha) and B5 (beta) are the only editable inputs. Alpha = level smoothing,
A10: beta = trend smoothing. Change them and every model, MAPE, and the forward forecast recalculate instantly.
A11: 2. Forecast sheet: all model columns are live formulas — columns E/F/I are one-step in-sample fits;
A12: columns J/K/L are the honest multi-step holdout forecasts (frozen at the training cutoff, 2026-02-22).
A13: 3. Dashboard shows holdout MAPE per model, the winner, and a 4-week forward forecast from Holt refit on all data.
A15: DESIGN DECISIONS (interview talking points)
... A30: Ganesh Reddy Peesari | Data source: synthetic sportsbook dataset (SQL Server aggregate of bets table)

Sheet Forecast
A1: Week Start | B1: Actual Handle ($) | C1: Bets | D1: Active Players | E1: Handle / Player ($) | F1: MA 4-wk Fit ($) | G1: ES Fit ($) | H1: Holt Level | I1: Holt Trend | J1: Holt Fit ($) | K1: Holdout: MA ($) | L1: Holdout: ES ($) | M1: Holdout: Holt ($) | N1: APE MA | O1: APE ES | P1: APE Holt
A2: 45662 | B2: 7812.93 | C2: 268 | D2: 40 | E2: =B2/D2 -> 195.32325 | G2: =B2 -> 7812.93 | H2: =B2 -> 7812.93 | I2: =B3-B2 -> 13222.94
A3: 45669 | B3: 21035.87 | C3: 680 | D3: 97 | E3: =B3/D3 -> 216.86464 | G3: =Dashboard!$B$4*B2+(1-Dashboard!$B$4)*G2 -> 7812.93 | H3: =Dashboard!$B$4*B3+(1-Dashboard!$B$4)*(H2+I2) -> 21035.87 | I3: =Dashboard!$B$5*(H3-H2)+(1-Dashboard!$B$5)*I2 -> 13222.94 | J3: =H2+I2 -> 21035.87
A4: 45676 | B4: 25968.68 | C4: 769 | D4: 130 | E4: =B4/D4 -> 199.75908 | G4: =Dashboard!$B$4*B3+(1-Dashboard!$B$4)*G3 -> 11779.812 | H4: =Dashboard!$B$4*B4+(1-Dashboard!$B$4)*(H3+I3) -> 31771.771 | I4: =Dashboard!$B$5*(H4-H3)+(1-Dashboard!$B$5)*I3 -> 12725.532 | J4: =H3+I3 -> 34258.81
A5: 45683 | B5: 27236.17 | C5: 812 | D5: 136 | E5: =B5/D5 -> 200.26596 | G5: =Dashboard!$B$4*B4+(1-Dashboard!$B$4)*G4 -> 16036.472 | H5: =Dashboard!$B$4*B5+(1-Dashboard!$B$4)*(H4+I4) -> 39318.963 | I5: =Dashboard!$B$5*(H5-H4)+(1-Dashboard!$B$5)*I4 -> 11689.864 | J5: =H4+I4 -> 44497.303
A6: 45690 | B6: 24355.58 | C6: 800 | D6: 160 | E6: =B6/D6 -> 152.22237 | F6: =AVERAGE(B2:B5) -> 20513.412 | G6: =Dashboard!$B$4*B5+(1-Dashboard!$B$4)*G5 -> 19396.382 | H6: =Dashboard!$B$4*B6+(1-Dashboard!$B$4)*(H5+I5) -> 43012.853 | I6: =Dashboard!$B$5*(H6-H5)+(1-Dashboard!$B$5)*I5 -> 10090.669 | J6: =H5+I5 -> 51008.827
A7: 45697 | B7: 30851.57 | C7: 1039 | D7: 168 | E7: =B7/D7 -> 183.6403 | F7: =AVERAGE(B3:B6) -> 24649.075 | G7: =Dashboard!$B$4*B6+(1-Dashboard!$B$4)*G6 -> 20884.141 | H7: =Dashboard!$B$4*B7+(1-Dashboard!$B$4)*(H6+I6) -> 46427.937 | I7: =Dashboard!$B$5*(H7-H6)+(1-Dashboard!$B$5)*I6 -> 8755.5522 | J7: =H6+I6 -> 53103.523
A8: 45704 | B8: 34520.34 | C8: 1089 | D8: 186 | E8: =B8/D8 -> 185.59323 | F8: =AVERAGE(B4:B7) -> 27103 | G8: =Dashboard!$B$4*B7+(1-Dashboard!$B$4)*G7 -> 23874.37 | H8: =Dashboard!$B$4*B8+(1-Dashboard!$B$4)*(H7+I7) -> 48984.544 | I8: =Dashboard!$B$5*(H8-H7)+(1-Dashboard!$B$5)*I7 -> 7515.7633 | J8: =H7+I7 -> 55183.489
A9: 45711 | B9: 36075.4 | C9: 1219 | D9: 205 | E9: =B9/D9 -> 175.97756 | F9: =AVERAGE(B5:B8) -> 29240.915 | G9: =Dashboard!$B$4*B8+(1-Dashboard!$B$4)*G8 -> 27068.161 | H9: =Dashboard!$B$4*B9+(1-Dashboard!$B$4)*(H8+I8) -> 50372.835 | I9: =Dashboard!$B$5*(H9-H8)+(1-Dashboard!$B$5)*I8 -> 6290.2688 | J9: =H8+I8 -> 56500.308
A10: 45718 | B10: 42485.12 | C10: 1401 | D10: 217 | E10: =B10/D10 -> 195.78396 | F10: =AVERAGE(B6:B9) -> 31450.722 | G10: =Dashboard!$B$4*B9+(1-Dashboard!$B$4)*G9 -> 29770.333 | H10: =Dashboard!$B$4*B10+(1-Dashboard!$B$4)*(H9+I9) -> 52409.709 | I10: =Dashboard!$B$5*(H10-H9)+(1-Dashboard!$B$5)*I9 -> 5439.5898 | J10: =H9+I9 -> 56663.104
A11: 45725 | B11: 48508.45 | C11: 1394 | D11: 220 | E11: =B11/D11 -> 220.49295 | F11: =AVERAGE(B7:B10) -> 35983.107 | G11: =Dashboard!$B$4*B10+(1-Dashboard!$B$4)*G10 -> 33584.769 | H11: =Dashboard!$B$4*B11+(1-Dashboard!$B$4)*(H10+I10) -> 55047.044 | I11: =Dashboard!$B$5*(H11-H10)+(1-Dashboard!$B$5)*I10 -> 4879.1388 | J11: =H10+I10 -> 57849.299
A12: 45732 | B12: 39583.9 | C12: 1339 | D12: 222 | E12: =B12/D12 -> 178.30586 | F12: =AVERAGE(B8:B11) -> 40397.327 | G12: =Dashboard!$B$4*B11+(1-Dashboard!$B$4)*G11 -> 38061.873 | H12: =Dashboard!$B$4*B12+(1-Dashboard!$B$4)*(H11+I11) -> 53823.498 | I12: =Dashboard!$B$5*(H12-H11)+(1-Dashboard!$B$5)*I11 -> 3658.6019 | J12: =H11+I11 -> 59926.183
A13: 45739 | B13: 43136.89 | C13: 1301 | D13: 220 | E13: =B13/D13 -> 196.07677 | F13: =AVERAGE(B9:B12) -> 41663.217 | G13: =Dashboard!$B$4*B12+(1-Dashboard!$B$4)*G12 -> 38518.481 | H13: =Dashboard!$B$4*B13+(1-Dashboard!$B$4)*(H12+I12) -> 53178.537 | I13: =Dashboard!$B$5*(H13-H12)+(1-Dashboard!$B$5)*I12 -> 2797.8893 | J13: =H12+I12 -> 57482.1
A14: 45746 | B14: 43237.69 | C14: 1317 | D14: 233 | E14: =B14/D14 -> 185.56948 | F14: =AVERAGE(B10:B13) -> 43428.59 | G14: =Dashboard!$B$4*B13+(1-Dashboard!$B$4)*G13 -> 39904.004 | H14: =Dashboard!$B$4*B14+(1-Dashboard!$B$4)*(H13+I13) -> 52154.805 | I14: =Dashboard!$B$5*(H14-H13)+(1-Dashboard!$B$5)*I13 -> 2033.5651 | J14: =H13+I13 -> 55976.426
A15: 45753 | B15: 51872.51 | C15: 1527 | D15: 250 | E15: =B15/D15 -> 207.49004 | F15: =AVERAGE(B11:B14) -> 43616.732 | G15: =Dashboard!$B$4*B14+(1-Dashboard!$B$4)*G14 -> 40904.11 | H15: =Dashboard!$B$4*B15+(1-Dashboard!$B$4)*(H14+I14) -> 53493.612 | I15: =Dashboard!$B$5*(H15-H14)+(1-Dashboard!$B$5)*I14 -> 1894.6135 | J15: =H14+I14 -> 54188.37
A16: 45760 | B16: 42744.28 | C16: 1355 | D16: 254 | E16: =B16/D16 -> 168.28457 | F16: =AVERAGE(B12:B15) -> 44457.748 | G16: =Dashboard!$B$4*B15+(1-Dashboard!$B$4)*G15 -> 44194.63 | H16: =Dashboard!$B$4*B16+(1-Dashboard!$B$4)*(H15+I15) -> 51595.042 | I16: =Dashboard!$B$5*(H16-H15)+(1-Dashboard!$B$5)*I15 -> 1135.9767 | J16: =H15+I15 -> 55388.226
A17: 45767 | B17: 55494.16 | C17: 1685 | D17: 267 | E17: =B17/D17 -> 207.8433 | F17: =AVERAGE(B13:B16) -> 45247.842 | G17: =Dashboard!$B$4*B16+(1-Dashboard!$B$4)*G16 -> 43759.525 | H17: =Dashboard!$B$4*B17+(1-Dashboard!$B$4)*(H16+I16) -> 53559.961 | I17: =Dashboard!$B$5*(H17-H16)+(1-Dashboard!$B$5)*I16 -> 1301.7652 | J17: =H16+I16 -> 52731.019
... A61: 46075 | B61: 15256.65 | C61: 488 | D61: 78 | E61: =B61/D61 -> 195.59808 | F61: =AVERAGE(B57:B60) -> 23620.51 | G61: =Dashboard!$B$4*B60+(1-Dashboard!$B$4)*G60 -> 26516.122 | H61: =Dashboard!$B$4*B61+(1-Dashboard!$B$4)*(H60+I60) -> 16219.194 | I61: =Dashboard!$B$5*(H61-H60)+(1-Dashboard!$B$5)*I60 -> -3674.0538 | J61: =H60+I60 -> 16631.713
A62: 46082 | B62: 12572.86 | C62: 430 | D62: 72 | E62: =B62/D62 -> 174.62306 | F62: =AVERAGE(B58:B61) -> 20551.412 | G62: =Dashboard!$B$4*B61+(1-Dashboard!$B$4)*G61 -> 23138.28 | H62: =Dashboard!$B$4*B62+(1-Dashboard!$B$4)*(H61+I61) -> 12553.456 | I62: =Dashboard!$B$5*(H62-H61)+(1-Dashboard!$B$5)*I61 -> -3672.3907 | J62: =H61+I61 -> 12545.14 | K62: =AVERAGE($B$58:$B$61) -> 20551.412 | L62: =Dashboard!$B$4*$B$61+(1-Dashboard!$B$4)*$G$61 -> 23138.28 | M62: =$H$61+1*$I$61 -> 12545.14 | N62: =ABS(B62-K62)/B62 -> 0.63458533 | O62: =ABS(B62-L62)/B62 -> 0.84033546 | P62: =ABS(B62-M62)/B62 -> 0.0022047326
A63: 46089 | B63: 12341.76 | C63: 389 | D63: 66 | E63: =B63/D63 -> 186.99636 | F63: =AVERAGE(B59:B62) -> 17075.14 | G63: =Dashboard!$B$4*B62+(1-Dashboard!$B$4)*G62 -> 19968.654 | H63: =Dashboard!$B$4*B63+(1-Dashboard!$B$4)*(H62+I62) -> 9919.2738 | I63: =Dashboard!$B$5*(H63-H62)+(1-Dashboard!$B$5)*I62 -> -3464.749 | J63: =H62+I62 -> 8881.0655 | K63: =AVERAGE($B$58:$B$61) -> 20551.412 | L63: =Dashboard!$B$4*$B$61+(1-Dashboard!$B$4)*$G$61 -> 23138.28 | M63: =$H$61+2*$I$61 -> 8871.0864 | N63: =ABS(B63-K63)/B63 -> 0.66519301 | O63: =ABS(B63-L63)/B63 -> 0.87479583 | P63: =ABS(B63-M63)/B63 -> 0.28121383
A64: 46096 | B64: 13417.56 | C64: 411 | D64: 68 | E64: =B64/D64 -> 197.31706 | F64: =AVERAGE(B60:B63) -> 14822.155 | G64: =Dashboard!$B$4*B63+(1-Dashboard!$B$4)*G63 -> 17680.586 | H64: =Dashboard!$B$4*B64+(1-Dashboard!$B$4)*(H63+I63) -> 8543.4354 | I64: =Dashboard!$B$5*(H64-H63)+(1-Dashboard!$B$5)*I63 -> -3046.9669 | J64: =H63+I63 -> 6454.5249 | K64: =AVERAGE($B$58:$B$61) -> 20551.412 | L64: =Dashboard!$B$4*$B$61+(1-Dashboard!$B$4)*$G$61 -> 23138.28 | M64: =$H$61+3*$I$61 -> 5197.0325 | N64: =ABS(B64-K64)/B64 -> 0.53168031 | O64: =ABS(B64-L64)/B64 -> 0.72447749 | P64: =ABS(B64-M64)/B64 -> 0.61266933
A65: 46103 | B65: 10364.97 | C65: 315 | D65: 53 | E65: =B65/D65 -> 195.56547 | F65: =AVERAGE(B61:B64) -> 13397.208 | G65: =Dashboard!$B$4*B64+(1-Dashboard!$B$4)*G64 -> 16401.678 | H65: =Dashboard!$B$4*B65+(1-Dashboard!$B$4)*(H64+I64) -> 6957.019 | I65: =Dashboard!$B$5*(H65-H64)+(1-Dashboard!$B$5)*I64 -> -2754.8568 | J65: =H64+I64 -> 5496.4685 | K65: =AVERAGE($B$58:$B$61) -> 20551.412 | L65: =Dashboard!$B$4*$B$61+(1-Dashboard!$B$4)*$G$61 -> 23138.28 | M65: =$H$61+4*$I$61 -> 1522.9787 | N65: =ABS(B65-K65)/B65 -> 0.98277588 | O65: =ABS(B65-L65)/B65 -> 1.2323538 | P65: =ABS(B65-M65)/B65 -> 0.85306482
A67: Gray rows = 4-week holdout (2026-03-01 to 2026-03-22). Holdout forecasts (cols K-M) are frozen at the 2026-02-22 training cutoff and never see holdout actuals. Cols F/G/J are one-step in-sample fits for the chart.

Sheet Dashboard
A1: Weekly Handle Forecast — Model Comparison
A3: MODEL INPUTS
A4: Alpha (level smoothing) | B4: 0.3 | C4: editable — try 0.1 to 0.8
A5: Beta (trend smoothing) | B5: 0.2 | C5: editable — Holt only
A7: HOLDOUT ACCURACY (last 4 complete weeks)
A8: Model | B8: MAPE
A9: 4-week Moving Average | B9: =AVERAGE(Forecast!N62:N65) -> 0.70355863
A10: Exponential Smoothing | B10: =AVERAGE(Forecast!O62:O65) -> 0.91799064
A11: Holt's Linear Trend | B11: =AVERAGE(Forecast!P62:P65) -> 0.43728818
A12: Best model | B12: =INDEX(A9:A11,MATCH(MIN(B9:B11),B9:B11,0)) -> Holt's Linear Trend
A14: FORWARD FORECAST — next 4 weeks (Holt, refit on all 64 weeks)
A15: Week Start | B15: Forecast Handle ($)
A16: =Forecast!A65+7 -> 46110 | B16: =MAX(0,Forecast!$H$65+1*Forecast!$I$65) -> 4202.1622
A17: =Forecast!A65+14 -> 46117 | B17: =MAX(0,Forecast!$H$65+2*Forecast!$I$65) -> 1447.3054
A18: =Forecast!A65+21 -> 46124 | B18: =MAX(0,Forecast!$H$65+3*Forecast!$I$65) -> 0
A19: =Forecast!A65+28 -> 46131 | B19: =MAX(0,Forecast!$H$65+4*Forecast!$I$65) -> 0
A20: Note: forecasts floored at $0; the series is in structural decline because signups stopped Dec 2025.
